{"cameraMode":{"drawMode":0,"name":"Shaded","section":"Shading Mode"},"sceneLighting":false,"audioPlay":false,"sceneViewState":{"showFog":true,"showMaterialUpdate":false,"showSkybox":true,"showFlares":true,"showImageEffects":true,"showParticleSystems":true},"in2DMode":false,"pivot":{"x":4.489999771118164,"y":5.647795677185059,"z":1.4340062141418458},"rotation":{"x":-0.47360408306121828,"y":0.01875435933470726,"z":-0.010087396018207074,"w":-0.8804803490638733},"size":9.536310195922852,"orthographic":true}